<?xml version="1.0" encoding="ascii"?>
<history><client name="pkg" version="1.122.2-38.2471"><args><arg><![CDATA[/net/repine.sfbay/export3/UC2.0/pkg-toolkit-sunos-sparc-uc2.3-b38/pkg/bin/client.py]]></arg><arg><![CDATA[install]]></arg><arg><![CDATA[metro]]></arg></args></client><operation end_time="20091203T065623Z" name="install" result="Succeeded" start_time="20091203T065618Z" userid="10" username="java_re"><start_state><![CDATA[UNEVALUATED:
+pkg:/metro@2.0,0-29:20091203T061614Z
]]></start_state><end_state><![CDATA[None -> pkg:/metro@2.0,0-29:20091203T061614Z
]]></end_state></operation></history>