<?xml version="1.0" encoding="ascii"?>
<history><client name="pkg" version="1.122.2-38.2471"><args><arg><![CDATA[/net/repine.sfbay/export3/UC2.0/pkg-toolkit-sunos-sparc-uc2.3-b38/pkg/bin/client.py]]></arg><arg><![CDATA[install]]></arg><arg><![CDATA[glassfish-grizzly-full]]></arg></args></client><operation end_time="20091203T063350Z" name="install" result="Succeeded" start_time="20091203T063350Z" userid="10" username="java_re"><start_state><![CDATA[UNEVALUATED:
+pkg:/glassfish-grizzly-full@1.9.18,0-9:20091203T055010Z
]]></start_state><end_state><![CDATA[None -> pkg:/glassfish-grizzly-full@1.9.18,0-9:20091203T055010Z
]]></end_state></operation></history>