<?xml version="1.0" encoding="ascii"?>
<history><client name="pkg" version="1.122.2-38.2471"><args><arg><![CDATA[/net/repine.sfbay/export3/UC2.0/pkg-toolkit-sunos-sparc-uc2.3-b38/pkg/bin/client.py]]></arg><arg><![CDATA[install]]></arg><arg><![CDATA[pkg-java]]></arg></args></client><operation end_time="20091203T062925Z" name="install" result="Succeeded" start_time="20091203T062924Z" userid="10" username="java_re"><start_state><![CDATA[UNEVALUATED:
+pkg:/pkg-java@1.122,0-38.2493:20091008T194916Z
]]></start_state><end_state><![CDATA[None -> pkg:/pkg-java@1.122,0-38.2493:20091008T194916Z
]]></end_state></operation></history>