<?xml version="1.0" encoding="ascii"?>
<history><client name="pkg" version="1.122.2-38.2471"><args><arg><![CDATA[/net/repine.sfbay/export3/UC2.0/pkg-toolkit-sunos-sparc-uc2.3-b38/pkg/bin/client.py]]></arg><arg><![CDATA[install]]></arg><arg><![CDATA[mq-server]]></arg></args></client><operation end_time="20091203T065639Z" name="install" result="Succeeded" start_time="20091203T065633Z" userid="10" username="java_re"><start_state><![CDATA[UNEVALUATED:
+pkg:/mq-server@4.4.1,0-7.2:20091119T083901Z
]]></start_state><end_state><![CDATA[None -> pkg:/mq-server@4.4.1,0-7.2:20091119T083901Z
None -> pkg:/mq-bin-sh@4.4.1,0-7.2:20091119T083858Z
]]></end_state></operation></history>