<?xml version="1.0" encoding="ascii"?>
<history><client name="pkg" version="1.122.2-38.2471"><args><arg><![CDATA[/net/repine.sfbay/export3/UC2.0/pkg-toolkit-sunos-sparc-uc2.3-b38/pkg/bin/client.py]]></arg><arg><![CDATA[install]]></arg><arg><![CDATA[felix]]></arg></args></client><operation end_time="20091203T062916Z" name="install" result="Succeeded" start_time="20091203T062915Z" userid="10" username="java_re"><start_state><![CDATA[UNEVALUATED:
+pkg:/felix@2.0.2,0-0:20091203T054540Z
]]></start_state><end_state><![CDATA[None -> pkg:/felix@2.0.2,0-0:20091203T054540Z
]]></end_state></operation></history>