<?xml version="1.0" encoding="ascii"?>
<history><client name="pkg" version="1.122.2-38.2471"><args><arg><![CDATA[/net/repine.sfbay/export3/UC2.0/pkg-toolkit-sunos-sparc-uc2.3-b38/pkg/bin/client.py]]></arg><arg><![CDATA[install]]></arg><arg><![CDATA[glassfish-ejb]]></arg></args></client><operation end_time="20091203T065611Z" name="install" result="Succeeded" start_time="20091203T065607Z" userid="10" username="java_re"><start_state><![CDATA[UNEVALUATED:
+pkg:/glassfish-ejb@3.0,0-74.2:20091203T060825Z
]]></start_state><end_state><![CDATA[None -> pkg:/glassfish-ejb@3.0,0-74.2:20091203T060825Z
None -> pkg:/glassfish-corba@3.0.0,0-41:20091203T060032Z
]]></end_state></operation></history>