<?xml version="1.0" encoding="ascii"?>
<history><client name="pkg" version="1.122.2-38.2471"><args><arg><![CDATA[/net/repine.sfbay/export3/UC2.0/pkg-toolkit-sunos-sparc-uc2.3-b38/pkg/bin/client.py]]></arg><arg><![CDATA[install]]></arg><arg><![CDATA[glassfish-jsf]]></arg></args></client><operation end_time="20091203T063652Z" name="install" result="Succeeded" start_time="20091203T063648Z" userid="10" username="java_re"><start_state><![CDATA[UNEVALUATED:
+pkg:/glassfish-jsf@2.0.2,0-10:20091203T060127Z
]]></start_state><end_state><![CDATA[None -> pkg:/glassfish-jsf@2.0.2,0-10:20091203T060127Z
None -> pkg:/glassfish-web@3.0,0-74.2:20091203T060418Z
]]></end_state></operation></history>