<?xml version="1.0" encoding="ascii"?>
<history><client name="pkg" version="1.122.2-38.2471"><args><arg><![CDATA[/net/repine.sfbay/export3/UC2.0/pkg-toolkit-sunos-sparc-uc2.3-b38/pkg/bin/client.py]]></arg><arg><![CDATA[set-authority]]></arg><arg><![CDATA[-O]]></arg><arg><![CDATA[http://pkg.glassfish.org/v3/dev/]]></arg><arg><![CDATA[dev.glassfish.org]]></arg></args></client><operation end_time="20091203T062906Z" name="add-publisher" result="Succeeded" start_time="20091203T062906Z" userid="10" username="java_re"/></history>