<?xml version="1.0" encoding="ascii"?>
<history><client name="pkg" version="1.122.2-38.2471"><args><arg><![CDATA[/net/repine.sfbay/export3/UC2.0/pkg-toolkit-sunos-sparc-uc2.3-b38/pkg/bin/client.py]]></arg><arg><![CDATA[install]]></arg><arg><![CDATA[jersey]]></arg></args></client><operation end_time="20091203T063633Z" name="install" result="Succeeded" start_time="20091203T063632Z" userid="10" username="java_re"><start_state><![CDATA[UNEVALUATED:
+pkg:/jersey@1.1.4.1,0-1.0:20091203T061151Z
]]></start_state><end_state><![CDATA[None -> pkg:/jersey@1.1.4.1,0-1.0:20091203T061151Z
]]></end_state></operation></history>